gid,lat,long,ano_farm_pop,mes_farm_pop,ds_endereco_farmacia,nu_cep_farmacia,uf,cidade
"17","-3.0206756","-59.9768139","2014","2","AVENIDA NOEL NUTELS Nº 811","69095000","AM","Manaus"
"444","-10.9128701","-37.0738442","2014","2","RUA CARLOS CORREIA, 528","49075120","SE","Aracaju"
"543","-11.7120262","-49.0577212","2014","2","R PRESIDENTE JUSCELINO KUBSTCHEK Nº 1976","77405110","TO","Gurupi"
"234","-3.2038706","-52.2098158","2014","2","TRAV COMANDANTE CASTILHO Nº 600","68371000","PA","Altamira"
"41","-14.7997132","-39.0359037","2014","2","AV ALMIRANTE AURELINO LINHARES S/N","45653650","BA","Ilhéus"
"13","-7.2219137","-62.4504154","2014","2","AV MARECHAL DEODORO Nº13","69800000","AM","Humaitá"
"188","-19.6269473","-43.230096","2014","2","RUA NOVA ERA N 72","35900199","MG","Itabira"
"544","-10.3447781","-48.2998294","2014","2","AV JK QUADRA 106 NORTE ( ACSV NE12 LOTE 16)","77016010","TO","Palmas"
"26","0.1755009","-51.4309582","2014","2","RUA UBALDO FIGUEIRA","68925000","AP","Santana"
"175","-19.9076079","-43.952023","2014","2","RUA DA FORMIGA, Nº140","31210780","MG","Belo Horizonte"
"260","-4.2561028","-55.9887745","2014","2","TR JOAO PESSOA, SN E","68180610","PA","Itaituba"
"168","-5.1123416","-42.8235685","2014","2","RUA MIGUEL SIMAO 528","65630220","MA","Timon"
"243","-1.4540978","-48.4916789","2014","2","AVENIDA INDEPENDENCIA Nº 13","66000000","PA","Belém"
"68","-12.9937824","-38.4922195","2014","2","AVENIDA GRAÇA LESSA Nº888 VALE DO OGUNJA","40290500","BA","Salvador"
"386","-5.7877742","-35.1999112","2014","2","AVENIDA PRESIDENTE DUTRA Nº 213","5962500","RN","Mossoró"
"73","-12.9488576","-38.4941904","2014","2","RUA LIMA E SILVA, Nº 249","40375010","BA","Salvador"
"315","-9.3809135","-40.4999942","2014","2","RUA ANTONIO PEDROSA N 210B","56330075","PE","Petrolina"
"113","-4.8149897","-38.1054495","2014","2","AVENIDA CORONEL ARAUJO LIMA Nº 1430","62900000","CE","Russas"
"396","-8.7528012","-63.8679364","2014","2","RUA JOAQUIM NABUCO N 2301","78900850","RO","Porto Velho"
"306","-8.0161148","-34.9919961","2014","2","AVENIDA BELMINO CORREIA Nº 840","54768000","PE","Camaragibe"
"321","-2.9028575","-41.7792507","2014","2","PRACA SANTO ANTONIO SN","64200361","PI","Parnaíba"
"186","-18.8610867","-41.9469281","2014","2","RUA MARECHAL DEODORO Nº 368","35010280","MG","Governador Valadares"
"119","-20.3390799","-40.3839551","2014","2","RUA JOAO LOPES ROGERIO Nº 08","29146330","ES","Cariacica"
"271","-8.0359447","-50.0367343","2014","2","RUA ADEMAR GUIMARAES SN QUADRA 82","68552390","PA","Redenção"
"445","-10.9159926","-37.0547924","2014","2","RUA ESTANCIA N 772","49010180","SE","Aracaju"
"155","-5.5364337","-47.4892304","2014","2","RUA CEARA Nº 580","65900100","MA","Imperatriz"
"394","-5.9185465","-35.2766442","2014","2","RUA PEDRO BEZERRA FILHO, Nº 15","59141175","RN","Parnamirim"
"27","-12.1199217","-38.4192541","2014","2","PRACA DA BANDEIRA, SN","48010110","BA","Alagoinhas"
"252","-2.2355058","-49.5279996","2014","2","TRAVESSA CONEGO MIGUEL INACIO Nº 172","68400000","PA","Cametá"
"19","-3.042903","-59.9161453","2014","2","AVAUTAZ MIRIM Nº 114 SHOPPING GRANDE CIRCULAR","69088480","AM","Manaus"
"75","-12.9745522","-38.4968182","2014","2","RUA LADEIRA DOS GALES, Nº 33 -","40255010","BA","Salvador"
"214","-19.5391281","-42.6453916","2014","2","RUA XV DE NOVEMBRO N 35 LOJAS 101 E 102","35180010","MG","Timóteo"
"5","-9.3700225","-38.1054495","2014","2","AV. CAXANGA, Nº 30 PEDRA VELHA","57480000","AL","Delmiro Gouveia"
"101","-3.7746557","-38.5716667","2014","2","AVENIDA GENERAL OSORIO DE PAIVA Nº 2955 AREA CENTRAL DO TERMINAL DE INTEGRAÇÃO D","60720901","CE","Fortaleza"
"178","-19.9749505","-44.207608","2014","2","RUA FELIPE DOS SANTOS, 445","32600126","MG","Betim"
"37","-12.2239915","-38.985066","2014","2","RUA SENADOR QUINTINO SN","44030000","BA","Feira de Santana"
"255","-1.2856573","-47.919347","2014","2","TRAVESSA CONEGO LEITAO Nº 1941","68743020","PA","Castanhal"
"38","-12.2932029","-38.9641978","2014","2","RUA CARLOS GOMES, Nº 81","44010530","BA","Feira de Santana"
"292","-7.1731838","-34.8927615","2014","2","RUA GRACILIANO DELGADO,","58081000","PB","João Pessoa"
"542","-7.208883","-48.237125","2014","2","RUA DAS MANGUEIRAS Nº 1104 QUADRA 17 LOTE 9A","7780490","TO","Araguaína"
"105","-5.142803","-38.094207","2014","2","RUA CÕNEGO BESSA Nº2515","6293000","CE","Limoeiro do Norte"
"392","-5.8167166","-35.2011079","2014","2","RUA MARIZE BASTIER N 203","59056070","RN","Natal"
"213","-17.851259","-41.5137769","2014","2","AVENIDA FRANCISCO SA Nº 222","39800127","MG","Teófilo Otoni"
"153","-1.8867371","-44.813111","2014","2","RUA HERCULANA VIEIRA, N","65268000","MA","Cururupu"
"341","-23.0095586","-44.322473","2014","2","RUA PEREIRA PEIXOTO N 102","23900440","RJ","Angra dos Reis"
"107","-3.8603169","-38.5861013","2014","2","RUA JOAO CONRADO SN","61932330","CE","Maracanaú"
"317","-8.0562906","-34.8748317","2014","2","AVENIDA CAXANGA,188","50030220","PE","Recife"
"217","-19.7391116","-47.9230571","2014","2","AV FIDELIS REIS Nº 271 SALA 108","38017020","MG","Uberaba"
"39","-12.2932029","-38.9641978","2014","2","RUA BARAO DE COTEGIPE Nº 715","44010150","BA","Feira de Santana"
"64","-12.9515958","-38.4784214","2014","2","ESTRADA DA MANDICHURIA S/N","40323085","BA","Salvador"
"268","-3.0050767","-47.3535246","2014","2","RUA BACABAL Nº 195","68625970","PA","Paragominas"
"210","-21.136839","-44.2739556","2014","2","RUA GETULIO VARGAS Nº 98","36300086","MG","São João del Rei"
"174","-19.9778007","-44.0175346","2014","2","RUA ALCINDO VIEIRA, N 69","30640100","MG","Belo Horizonte"
"320","-2.9252282","-41.7631351","2014","2","RUA ANHANGUERA,1189","64215360","PI","Parnaíba"
"3","-9.7502604","-36.6593137","2014","2","RUA EXPEDICIONARIO BRASIEIROS Nº 61","57300590","AL","Arapiraca"
"108","-3.8924489","-38.6847522","2014","2","NAPOLEAO LIMA 253","61940180","CE","Maranguape"
"291","-7.10374","-34.8541389","2014","2","RUA JOAQUIM PIRES N 371","58028110","PB","João Pessoa"
"270","-2.5277756","-50.8456323","2014","2","AV FLORIANO PEIXOTO SN","68480000","PA","Portel"
"259","-1.9207489","-49.1221414","2014","2","RUA PADRE VITÓRIO SN","68430000","PA","Igarapé-Miri"
"235","-1.3530345","-48.3713774","2014","2","RUA ZACARIAS DE ASSUNC O","67030970","PA","Ananindeua"
"184","-19.2258089","-41.6365788","2014","2","RUA MARIA FRANCISCA DE J","3524000","MG","Conselheiro Pena"
"86","-14.8619367","-40.8348715","2014","2","PRACA VITOR BRITO, Nº 06 A","45020756","BA","Vitória da Conquista"
"125","-20.3166748","-40.3458631","2014","2","AV PRESIDENTE FLORENTINO AVIDOS Nº 321","29018190","ES","Vitória"
"53","-9.4150066","-40.5101704","2014","2","PRACA PEDRO PEREIRA PRIMO S/N","48903970","BA","Juazeiro"
"328","-5.0587533","-42.7637913","2014","2","RUA OSVALDO COSTA E SILVA S/N","64055410","PI","Teresina"
"327","-5.091331","-42.7956044","2014","2","R FELIX PACHECO, 1530","64001160","PI","Teresina"
"197","-16.7031651","-43.8434361","2014","2","RUA CONEGO CHAVES Nº 309","39400433","MG","Montes Claros"
"288","-7.2186163","-35.9032676","2014","2","RUA ALMIRANTE BARROSO 355","58105341","PB","Campina Grande"
"157","-4.497279","-45.2243578","2014","2","RUA SENADOR VITORINO FREIRE S/N","65715000","MA","Lago da Pedra"
"166","-2.538834","-44.2692196","2014","2","AVENIDA DOS FRANCESES Nº 375 A LOJA 04","65036280","MA","São Luís"
"387","-5.1880361","-37.3441344","2014","2","RUA DESEMBARGADOR DIONISIO FIGUEIRA Nº 291","59610090","RN","Mossoró"
"52","-13.860509","-40.0850925","2014","2","AVENIDA PRESIDENTE DUTRA","45200170","BA","Jequié"
"248","-1.456823","-48.4412549","2014","2","RUA SAO DOMINGOS, Nº 840","66077650","PA","Belém"
"156","-3.4543432","-44.1720266","2014","2","RUA CORNEL CATAO SNº","65485000","MA","Itapecuru Mirim"
"266","-1.1089868","-54.2593118","2014","2","PRACA FERNANDO GUILHON S","68220000","PA","Monte Alegre"
"345","-22.5466601","-44.1805437","2014","2","RUA TENENTE JOSE EDUARDO Nº 461","27345250","RJ","Barra Mansa"
"114","-3.6823593","-40.3537822","2014","2","CONSELHEIRO JOSE JULHO Nº 887","62010820","CE","Sobral"
"42","-14.7724278","-39.0580511","2014","2","CENTRAL DE ABASTECIMENTO DO MALHADO - PAVILHÃO A, S/N","45651250","BA","Ilhéus"
"263","-1.4081702","-48.4319297","2014","2","FOLHA 31 QUADRA 11 LOTE","68507560","PA","Marabá"
"322","-7.06175","-41.524971","2014","2","RUA OLAVO BILAC SN","6460000","PI","Picos"
"29","-12.1444393","-44.9965028","2014","2","PRACA CORONEL ANTONIO BALBINO Nº 41","47800050","BA","Barreiras"
"158","-2.5000299","-44.1150413","2014","2","AVENIDA 03 N 19 CONJUNTO MAIBOÃO","65130000","MA","Paço do Lumiar"
"393","-5.7853957","-35.2066038","2014","2","RUA PRINCESA ISABEL,Nº 483","59025400","RN","Natal"
"74","-13.0113641","-38.4734227","2014","2","RUA REINALDO DE MATOS, 5 - CENTRO COM. AMARALINA","41900170","BA","Salvador"
"343","-22.4596368","-43.8314886","2014","2","RUA BARAO DO RIO BONITO Nº 72","27113040","RJ","Barra do Piraí"
"316","-9.3811538","-40.5305175","2014","2","RUA MARTINHO CANDIDO SN COHAB MASSANGANO","56310270","PE","Petrolina"
"89","-3.9997372","-38.4429274","2014","2","RUA VIRGILIO COELHO N 15","61700000","CE","Aquiraz"
"54","-9.4444512","-40.4898162","2014","2","RODOVIA JUAZEIRO CURACA KM 01 Nº 9","48907630","BA","Juazeiro"
"71","-12.8997915","-38.4205695","2014","2","RUA DA PACIÊNCIA, 04 COLETORA 04 SETOR B","41338700","BA","Salvador"
"275","-9.2291157","-50.5135589","2014","2","AVJOSÉ MENDONÇA,224 SL 1 E 2","68560","PA","Santana do Araguaia"
"279","-3.7590857","-49.6694446","2014","2","RUA SANTO ANTONIO, N 497","68458030","PA","Tucuruí"
"32","-12.7073296","-38.3231594","2014","2","RUA TUPINAMBA N 43","42800140","BA","Camaçari"
"69","-12.9210941","-38.5001028","2014","2","LARGO DA RIBEIRA S/N CEASA","40421530","BA","Salvador"
"167","-2.534633","-44.3035453","2014","2","PRACA JOAO LISBOA N 53","65010000","MA","São Luís"
"12","-4.8798602","-64.7162415","2014","2","ESTRADA MAMIA, SN","69460000","AM","Coari"
"241","-1.4617654","-48.4574892","2014","2","TVCARLOS BENTES,S/N DISTRITO DE MOSQUEIRO","66914050","PA","Belém"
"95","-3.7329267","-38.6713321","2014","2","RUA JUACI SAMPAIO PONTES 1800","61610140","CE","Caucaia"
"22","-2.6272387","-56.7229552","2014","2","RUA PARAIBA Nº 1615","69153010","AM","Parintins"
"267","0.5080915","-57.6439048","2014","2","TR ANTONIO DE SOUZA BENTES S/N","68270000","PA","Oriximiná"
"302","-7.1660303","-34.9754651","2014","2","RUA JUAREZ TAVORA 164","58300410","PB","Santa Rita"
"278","-2.6729327","-48.2393528","2014","2","AVENIDA FRANCISCO SOARES S/N","68680000","PA","Tomé-Açu"
"100","-3.779545","-38.5559162","2014","2","RUA EDUARDO PERDIGAO Nº241 PARANGABA","60740010","CE","Fortaleza"
"451","-10.2475973","-36.8142605","2014","2","RUA DOM JOSÉ VICENTE TAVORA,SN°","49900000","SE","Propriá"
"164","-2.6987619","-44.8317802","2014","2","PCA DE EVENTOS SN","6523500","MA","São Bento"
"187","-19.480409","-42.523742","2014","2","AV JOAO VALENTIM PASCOAL Nº 103 A","35160003","MG","Ipatinga"
"120","-20.3388418","-40.3675423","2014","2","RUA ENGENHEIRO JOSE SERTAO Nº 42","29140180","ES","Cariacica"
"76","-12.9311523","-38.5106125","2014","2","AV. LUIZ TARQUINIO, S/N LARGO DE ROMA - HOSP. IRMÃ DULCE","40414120","BA","Salvador"
"324","-5.1106204","-42.7479203","2014","2","RUA CINQUENTA E QUATRO S/N","64079345","PI","Teresina"
"34","-12.9795126","-39.2640013","2014","2","PRAÇA SENADOR TEMISTOCLES Nº 756 SEDE","4438000","BA","Cruz das Almas"
"20","-2.9914283","-60.0230559","2014","2","RUA SAMAMBAIA Nº 816 CASA 07","69059500","AM","Manaus"
"191","-21.7645228","-43.354809","2014","2","RUA ESPIRITO SANTO N 1064","36016200","MG","Juiz de Fora"
"10","-9.6700201","-35.7151604","2014","2","RUA VEREADOR MIGUEL TAVARES, Nº398","57625000","AL","Teotônio Vilela"
"287","-7.2186163","-35.9032676","2014","2","RUA VITORINA BARRETO DE OLIVEIRA Nº 204","58108185","PB","Campina Grande"
"62","-12.9529647","-38.4705355","2014","2","AVENIDA BARROS REIS SN","41185300","BA","Salvador"
"313","-8.0127621","-34.8472401","2014","2","AVENIDA JOAQUIM NABUCO S/N ARMAZEM MERCADO PUBLICO","53120010","PE","Olinda"
"63","-12.9740831","-38.4310918","2014","2","RUA PROFESSOR PINTO DE AGUIAR S/N","41710000","BA","Salvador"
"349","-22.8621116","-42.0212609","2014","2","RUA ESTRADA DE BUZIOS JARDIM ESPERANÇA","28922270","RJ","Cabo Frio"
"211","-19.455961","-44.2431628","2014","2","RUA DR PEDRO LUIZ 559","35700004","MG","Sete Lagoas"
"176","-19.9309713","-43.9448709","2014","2","RUA RIO GRANDE DO SUL Nº 54","30170110","MG","Belo Horizonte"
"61","-12.8592603","-38.4626486","2014","2","RUA 2 DE JULHO Nº 620 LOTE PARQUE CARVALHO QD 18","40750630","BA","Salvador"
"91","-7.3147428","-39.2972082","2014","2","RUA DIVINO SALVADOR, SN","6318000","CE","Barbalha"
"285","-7.2186163","-35.9032676","2014","2","RUA CAMPOS SALES 138","58104053","PB","Campina Grande"
"78","-12.9688312","-39.2574511","2014","2","ALLAN KARDECK N 264","4457108","BA","Santo Antônio de Jesus"
"325","-5.0363757","-42.8199107","2014","2","AV DR ANTONIO PEREIRA MARTINS S/N","64008190","PI","Teresina"
"6","-9.5410775","-35.7229421","2014","2","AVENIDA BENEDITO BENTES Nº 136","57084050","AL","Maceió"
"98","-7.2324552","-39.4101063","2014","2","RUA JOSE CARVALHO N 340","63100020","CE","Crato"
"181","-19.7828992","-42.1403768","2014","2","RUA MARECHAL DEODORO DA ONESC Nº 59 LOJA 1,2","35300085","MG","Caratinga"
"193","-21.516582","-42.65514","2014","2","RUA PLOBIO CORTES DE PAULA Nº 32","3670000","MG","Leopoldina"
"23","0.5582388","-68.1431414","2014","2","RUA EDILSON GONCALVES, 215","69750000","AM","São Gabriel da Cachoeira"
"389","-5.8396074","-35.1901151","2014","2","AVENIDA DAS FRONTEIRAS, Nº 700","59108355","RN","Natal"
"245","-1.3042651","-48.4812248","2014","2","RUA MANOEL BARATA,1765","66812020","PA","Belém"
"202","-18.5926206","-46.5203453","2014","2","PÇA DESEMBARGADOR FREDERICO, Nº 21","38700118","MG","Patos de Minas"
"65","-12.9297452","-38.4192541","2014","2","RUA PERIQUITOS SN TERREO","41260340","BA","Salvador"
"281","-1.4391409","-46.3624686","2014","2","RUA JUSTO CHERMONT SN","68620000","PA","Viseu"
"99","-3.7416377","-38.5230905","2014","2","RUA DO ROSÁRIO Nº283 TÉRREO","60055090","CE","Fortaleza"
"24","-4.4606478","-65.6658568","2014","2","RUA GETULIO VARGAS, 36","69470000","AM","Tefé"
"397","-8.7528012","-63.8679364","2014","2","AVENIDA MAMORE Nº 3590","7891049","RO","Porto Velho"
"85","-14.8498592","-40.8535212","2014","2","AV CEARA N 45","4502503","BA","Vitória da Conquista"
"2","-8.1727629","-70.3536699","2014","2","RUA FLORIANO PEIXOTO N º 901","69808030","AC","Rio Branco"
"218","-21.5576492","-45.4345074","2014","2","RUA SANTA RITA Nº 484","37002250","MG","Varginha"
"25","0.0272375","-51.1245677","2014","2","AVENIDA FAB, 1737","68906005","AP","Macapá"
"67","-12.9542364","-38.4495018","2014","2","AV EDGARD SANTOS SN","41192005","BA","Salvador"
"169","-3.7127631","-43.8673222","2014","2","RUA DR NINA RODRIGUES,20 B","65430000","MA","Vargem Grande"
"314","-7.9378695","-40.2271243","2014","2","PRAÇA PADRE FRANCISCO PEDRO DA SILVA","56200000","PE","Ouricuri"
"303","-6.7604571","-38.2308837","2014","2","RUA ODON BEZERRA N 07","58800130","PB","Sousa"
"293","-7.0973916","-34.8355672","2014","2","AV D PEDRO II,","5801342","PB","João Pessoa"
"170","-3.2329855","-46.1326778","2014","2","AVMILIAR,SN°BAIRRO VILA BEC","65365000","MA","Zé Doca"
"18","-3.0285642","-60.0201653","2014","2","AV BRASIL Nº 1325","69039110","AM","Manaus"
"206","-19.8057804","-44.0270562","2014","2","RUA JOAO DE DEUS GOMES Nº 30 A","33943720","MG","Ribeirão das Neves"
"238","-1.3942283","-48.4212808","2014","2","RUA LIBERDADE, N 672","67010250","PA","Ananindeua"
"118","-20.8478935","-41.1162273","2014","2","PRAÇA DE JERONIMO MONTEIRO Nº 101 ED. MAX TERREO","29300205","ES","Cachoeiro de Itapemirim"
"286","-7.2186163","-35.9032676","2014","2","R QUINZE DE NOVEMBRO, Nº 956","58102300","PB","Campina Grande"
"489","-22.2983392","-48.5528254","2014","2","RUA MARECHAL BITTENCOURT Nº 70","17201430","SP","Jaú"
"137","-16.28488","-48.9721848","2014","2","QUADRA 06 MC LOTE 06","73752106","GO","Planaltina"
"370","-22.8131062","-43.2207073","2014","2","PRAIA DO GALEAO, 92","21941510","RJ","Rio de Janeiro"
"423","-29.7637086","-51.1559259","2014","2","RUA SALDANHA DA GAMA, 817","93010020","RS","São Leopoldo"
"353","-22.8709554","-43.778885","2014","2","RUA CORONEL FREITAS Nº 783","23815260","RJ","Itaguaí"
"517","-22.0157824","-47.8847321","2014","2","PRACA PAUL PERCY HARRIS S/N","15010011","SP","São José do Rio Preto"
"413","-30.0310388","-51.2173798","2014","2","RUA RAMIRO BARCELOS Nº 2500","90035003","RS","Porto Alegre"
"495","-22.4361928","-46.9621201","2014","2","RUA MARCILIANO 372","13800012","SP","Moji Mirim"
"484","-23.7908044","-46.6395285","2014","2","RUA PIRACICABA Nº 146","8570050","SP","Itaquaquecetuba"
"501","-23.7110008","-46.4159681","2014","2","AV SANTO ANDRE Nº 238","9420000","SP","Ribeirão Pires"
"354","-22.6508601","-43.6591202","2014","2","AV LENY FERREIRA, Nº 230","26435210","RJ","Japeri"
"499","-22.9181418","-45.4580466","2014","2","RUA DOUTOR MONTEIRO DE GODOY Nº 349/351","12401390","SP","Pindamonhangaba"
"512","-23.6434885","-46.5834969","2014","2","RUA PIAGENTINI,Nº 138","9626130","SP","São Bernardo do Campo"
"432","-26.9859975","-48.6363818","2014","2","RUA 620 Nº 250 ESQUINA COM A 4º AVENIDA DO BAIRRO","88330104","SC","Balneário Camboriú"
"132","-16.6629826","-49.2651348","2014","2","AV. INDEPENDÊNCIA, Nº 4517  QUADRA 134 LOTE 29","74055050","GO","Goiânia"
"529","-23.602721","-46.5975964","2014","2","LARGO DO ROSARIO, Nº 121","3634020","SP","São Paulo"
"471","-23.5422696","-46.3671102","2014","2","RUA SANTOS DUMONT, 1161","8530000","SP","Ferraz de Vasconcelos"
"439","-27.8128864","-50.3236733","2014","2","RUA CAETANO VIEIRA DA COSTA Nº 883","88502070","SC","Lages"
"513","-23.6434885","-46.5834969","2014","2","RUA MARECHAL DEODORO Nº 1056","9721230","SP","São Bernardo do Campo"
"334","-25.4282779","-49.2714702","2014","2","RUA CANDIDO LOPES, 208 - TÉRREO","80020060","PR","Curitiba"
"434","-27.1120751","-52.6039235","2014","2","AV NEREU RAMOS, 973-D","89812110","SC","Chapecó"
"524","-23.602721","-46.5975964","2014","2","AVENIDA SAO JOAO Nº 35 LOJA 11","1011000","SP","São Paulo"
"337","-23.4272152","-51.9394126","2014","2","AV MONTEIRO LOBATO 1120","8705028","PR","Maringá"
"511","-23.6434885","-46.5834969","2014","2","RUA RIO ACIMA,Nº 622","9830100","SP","São Bernardo do Campo"
"131","-15.5591622","-47.3266162","2014","2","AV JOAO ISPER GERBRIM Nº 455","73813470","GO","Formosa"
"401","-31.3317595","-54.1038619","2014","2","RUA GENERAL JOAO TELES Nº 862","96400902","RS","Bagé"
"536","-23.5543289","-46.3204991","2014","2","RUA ESTRADA DO KOYAMA Nº 81","8633435","SP","Suzano"
"366","-22.466653","-44.4582937","2014","2","AVENIDA JOAO FERREIRA PINTO Nº 87","27510071","RJ","Resende"
"365","-22.7206969","-43.5546867","2014","2","RUA MANOEL AUGUSTO MUGUET Nº 280","26325250","RJ","Queimados"
"533","-22.8169239","-47.2701064","2014","2","RUA IPIRANGA 334","13170026","SP","Sumaré"
"541","-22.9763629","-47.0060226","2014","2","RUA JOSÉ MILANI,155","13270200","SP","Valinhos"
"506","-22.763025","-47.4147321","2014","2","PRACA JOAO XXIII S/N","13450018","SP","Santa Bárbara d'Oeste"
"507","-22.3439055","-46.9443786","2014","2","RUA CORONEL SEABRA Nº 321","9117000","SP","Santo André"
"496","-23.5376526","-46.7888967","2014","2","AV JOAO BATISTA N 99","6097090","SP","Osasco"
"538","-23.0309385","-45.5483236","2014","2","RUA DR JORGE WINTER Nº 232","12010120","SP","Taubaté"
"436","-27.5966","-48.554914","2014","2","FRANCISCO TOLENTINO LOJA 26 MERCADO PUBLICO","88010200","SC","Florianópolis"
"502","-21.2633373","-47.8056964","2014","2","PRAÇA BONFIM Nº 216","14110000","SP","Ribeirão Preto"
"514","-23.6434885","-46.5834969","2014","2","AVENIDA ROBERT KENNEDY, Nº 3438","9860215","SP","São Bernardo do Campo"
"406","-29.8377093","-51.1716107","2014","2","AV PRESIDENTE VARGAS,2504 LOJA 02","93260006","RS","Esteio"
"486","-23.2602249","-47.3002851","2014","2","PRAÇA REGENTE FEIJO, Nº 52","13300489","SP","Itu"
"468","-22.5706165","-44.9627584","2014","2","RUA CAPITAO OTAVIO RAMOS Nº 281","12701360","SP","Cruzeiro"
"340","-25.0510714","-50.1329473","2014","2","RUA DR COLARES, Nº 25","8401001","PR","Ponta Grossa"
"359","-22.8115519","-43.4143649","2014","2","RUA FREI LUDOLF SN LOTE 90","26510660","RJ","Nilópolis"
"516","-22.0157824","-47.8847321","2014","2","RUA SANTA CRUZ 198","13560680","SP","São Carlos"
"520","-23.602721","-46.5975964","2014","2","RUA FORCA PUBLICA, 64","2012080","SP","São Paulo"
"510","-23.9561778","-46.3121095","2014","2","RUA DA CONSTITUIÇÃO,Nº 315","11015471","SP","Santos"
"515","-23.6246954","-46.5475365","2014","2","RUA SANTO ANTONIO, Nº 50","9521160","SP","São Caetano do Sul"
"126","-16.3238612","-48.951776","2014","2","TRAVESSA OLIMPIO BARBOSA DE MELO Nº 63","75020090","GO","Anápolis"
"382","-22.1262347","-43.2207073","2014","2","TRAVESSA AUGUSTO DE ALMEIDA Nº 37","25804130","RJ","Três Rios"
"500","-23.5333005","-46.3311047","2014","2","RUA VINTE E SEIS DE MARCO Nº 483","8562140","SP","Poá"
"116","-15.79211","-47.897751","2014","2","QUADRA 08 COMERCIO LOCAL 03 LOJA 03 SERRA VERDE","73055502","DF","Brasília"
"480","-23.981256","-48.879531","2014","2","RUA FLORIANO PEIXOTO Nº 86","18400240","SP","Itapeva"
"369","-22.8976297","-43.1928756","2014","2","PRAÇA CHRISTIANO OTTONI S/N ESTAÇÃO FERROVIARIA D. PEDRO II","20221250","RJ","Rio de Janeiro"
"497","-23.5376526","-46.7888967","2014","2","AV DAS ESMERALDAS N 149 TERREO","6286010","SP","Osasco"
"505","-23.1993931","-47.304585","2014","2","RUA DR BARROS JUNIOR Nº 247","13320220","SP","Salto"
"142","-16.0559357","-48.004374","2014","2","RUA 73 QUADRA 109 LOTE 18 LOJA 01","72871073","GO","Valparaíso de Goiás"
"456","-22.6667456","-50.428232","2014","2","AVENIDA ARMANDO SALES DE OLIVEIRA","19802080","SP","Assis"
"487","-23.406486","-47.3486311","2014","2","RODOVIA WALDOMIRO CORREA CAMARGO Nº 14","13308104","SP","Itu"
"481","-23.5325624","-46.9772966","2014","2","AVENIDA PRESIDENTE VARGAS Nº 270","6694040","SP","Itapevi"
"339","-25.5664615","-48.571263","2014","2","RUA FELIPE CHEDE Nº 274","83215670","PR","Paranaguá"
"461","-22.8841363","-48.4412549","2014","2","PRACA QUINZE DE NOVEMBRO Nº 53","18600031","SP","Botucatu"
"400","-29.7789303","-55.7876454","2014","2","RUA CORONEL CABRITA, N 141","97541100","RS","Alegrete"
"525","-23.602721","-46.5975964","2014","2","AV DO CURSINO, 1274","4132000","SP","São Paulo"
"422","-29.7637086","-51.1559259","2014","2","AV. Integração, 1008","93010020","RS","São Leopoldo"
"135","-16.2511133","-47.9274618","2014","2","RUA 04 QUADRA 14 LOTE 37 LOJA 4/5","72814590","GO","Luziânia"
"221","-19.0050968","-57.636529","2014","2","RUA 13 DE JUNHO 1288","7933005","MS","Corumbá"
"467","-23.577352","-46.927097","2014","2","RUA ZACARIAS ANTONIO DA SILVA Nº 68","6716700","SP","Cotia"
"412","-28.2606602","-52.4012669","2014","2","RUA FAGUNDES DOS REIS, 215","99010100","RS","Passo Fundo"
"494","-22.7653095","-47.387329","2014","2","RUA SANTA HELENA,130","9390090","SP","Mauá"
"469","-23.6886288","-46.5850799","2014","2","RUA PROFESSORA VITALINA CAIAFFA ESQUIVEL Nº 54","9911180","SP","Diadema"
"331","-24.0430804","-52.3910015","2014","2","RUA ARARUNA 805","87302210","PR","Campo Mourão"
"437","-26.8929004","-48.7015768","2014","2","RUA CONEGO THOMAZ FONTES Nº 182","88310160","SC","Itajaí"
"508","-22.3439055","-46.9443786","2014","2","AV PRINCIPE DE GALES Nº 821","9000000","SP","Santo André"
"138","-17.7926515","-50.9328316","2014","2","RUA COSTA GOMES, 341","75901050","GO","Rio Verde"
"464","-22.9025112","-47.0570856","2014","2","RUA FERREIRA PENTEADO Nº 854","13010041","SP","Campinas"
"440","-27.6597149","-48.673985","2014","2","RUA PREFEITO NELSON MARTINS, 235","88131300","SC","Palhoça"
"472","-20.5293183","-47.3887179","2014","2","PRAÇA POMPILHO BESSA Nº 140","7901080","SP","Francisco Morato"
"482","-23.5325624","-46.9772966","2014","2","RUA AMIRABILE CHALUPPE, Nº 8","6680420","SP","Itapevi"
"338","-23.410858","-51.9447894","2014","2","AV. COLOMBO, Nº 5790 BLOCO QUADRA 04 ANEXO ZONA 07 CAMPOS DA UNIVERSIDADE","87020900","PR","Maringá"
"454","-21.203385","-50.4439728","2014","2","RUA SILVA JARDIM Nº 363","16010340","SP","Araçatuba"
"229","-11.8480193","-55.5081012","2014","2","RUA EUNAPOLIS S/N","78550171","MT","Sinop"
"462","-23.1078","-45.703852","2014","2","TRAVESSA DR. FREITAS Nº 21","12281550","SP","Caçapava"
"136","-16.0582206","-48.0446383","2014","2","QUADRA 110 LOTE 01","72860110","GO","Novo Gama"
"523","-23.602721","-46.5975964","2014","2","AV BARO DE DUPRAT, Nº 123","4743060","SP","São Paulo"
"459","-20.9400441","-48.4812248","2014","2","PRACA ABILIO MANOEL, Nº","14700349","SP","Bebedouro"
"493","-22.7653095","-47.387329","2014","2","AV ITAPARK, Nº 3203","9310370","SP","Mauá"
"479","-23.721114","-46.8328707","2014","2","RUA SAO PAULO N 39","6850080","SP","Itapecerica da Serra"
"491","-22.2242358","-49.9495068","2014","2","AV BRASIL 184","17501000","SP","Marília"
"367","-22.7094519","-42.6227676","2014","2","RUA JOAO CARMO, N 27","2880000","RJ","Rio Bonito"
"528","-23.602721","-46.5975964","2014","2","R JAVORAU, 70","2732000","SP","São Paulo"
"330","-25.5881164","-49.3983234","2014","2","RUA ALFREDO PARODI N°764","83702080","PR","Araucária"
"503","-21.1766753","-47.8056964","2014","2","AV GERONIMO GONCALVES S/N","14010040","SP","Ribeirão Preto"
"457","-23.1094503","-48.9228016","2014","2","RUA SANTA CATARINA Nº 960","18700005","SP","Avaré"
"521","-23.602721","-46.5975964","2014","2","RUA BATISTA CRESPO, Nº 65/71","5786040","SP","São Paulo"
"458","-20.554547","-48.578721","2014","2","AV 21, 1008","14780310","SP","Barretos"
"537","-23.642182","-46.805065","2014","2","RUA MANOEL MATOS DA SILVA SOBRINHO REGO Nº 35","6775540","SP","Taboão da Serra"
"363","-22.5015876","-43.1674506","2014","2","RUA EPITACIO PESSOA N 56","25610000","RJ","Petrópolis"
"483","-23.7908044","-46.6395285","2014","2","PRAÇA PADRE JOÃO ALVARES Nº 35","8577290","SP","Itaquaquecetuba"
"368","-22.8875724","-43.256382","2014","2","AV.DOM HELDER CAMARA,1390","20973011","RJ","Rio de Janeiro"
"527","-23.602721","-46.5975964","2014","2","AV ZELINA, 1011","3143003","SP","São Paulo"
"532","-21.1389483","-47.9985512","2014","2","RUA VOLUNTARIO OTTO GOMES MARTINS Nº 1095","14170620","SP","Sertãozinho"
"232","-15.6003024","-56.1672448","2014","2","RUA MANOEL VARGAS,27","78118120","MT","Várzea Grande"
"463","-22.8818412","-47.0704677","2014","2","RUA CLOVIS BEVILACQUA N° 535","13073021","SP","Campinas"
"402","-29.9245592","-51.1820694","2014","2","RUA GUILHERME MORSCH","92310008","RS","Canoas"
"470","-23.6886288","-46.5850799","2014","2","RUA LUIS CARLOS PRESTES Nº 712","9932340","SP","Diadema"
"473","-23.3135805","-46.7252429","2014","2","RUA CORYPHEU  AZEVEDO MARQUES Nº 83","7802050","SP","Franco da Rocha"
"465","-23.5163247","-46.8400227","2014","2","AV INOCENCIO SERAFIO Nº 42","6320290","SP","Carapicuíba"
"362","-22.8630046","-42.3080137","2014","2","RUA WALDEMAR MATIAS, SN","2397000","RJ","Paraty"
"416","-30.8833826","-55.5455171","2014","2","RUA RIVADAVIA CORREA, Nº 429","97573011","RS","Sant'Ana do Livramento"
"455","-21.7830319","-48.1966691","2014","2","RUA CARLOS GOMES N 1610 A","14801901","SP","Araraquara"
"355","-22.3716774","-41.7830347","2014","2","RUA MARCIAL ALVES MOREIRA, 51","27910000","RJ","Macaé"
"257","-0.7568787","-47.8822604","2014","2","TRAVESSA 7 DE SETEMBRO Nº 228 - TERREO CENTRO","68750000","PA","Curuçá"